{
    "display": {
      "title": "Killer",
      "description": "Good job, i guess.",
      "icon": {
        "id": "minecraft:redstone"
      },
      "frame": "challenge",
      "show_toast": true
    },
    "parent": "chunkcraft:root",
    "criteria": {
      "load": {
        "trigger": "minecraft:player_killed_entity",
        "conditions": {
          "entity": {
            "type": "minecraft:player"
          }
        }
      }
    },
    "rewards": {
      "experience": 100
    }
}